[
  {
    "model": "admin.logentry",
    "pk": 1,
    "fields": {
      "action_time": "2022-04-03T16:37:47.106Z",
      "user": 1,
      "content_type": 3,
      "object_id": "1",
      "object_repr": "Admins",
      "action_flag": 1,
      "change_message": "[{\"added\": {}}]"
    }
  },
  {
    "model": "admin.logentry",
    "pk": 2,
    "fields": {
      "action_time": "2022-04-03T16:42:02.720Z",
      "user": 1,
      "content_type": 3,
      "object_id": "2",
      "object_repr": "Developers",
      "action_flag": 1,
      "change_message": "[{\"added\": {}}]"
    }
  },
  {
    "model": "admin.logentry",
    "pk": 3,
    "fields": {
      "action_time": "2022-04-03T16:42:54.097Z",
      "user": 1,
      "content_type": 3,
      "object_id": "3",
      "object_repr": "ProjectOwners",
      "action_flag": 1,
      "change_message": "[{\"added\": {}}]"
    }
  },
  {
    "model": "admin.logentry",
    "pk": 4,
    "fields": {
      "action_time": "2022-04-03T16:46:22.681Z",
      "user": 1,
      "content_type": 4,
      "object_id": "2",
      "object_repr": "Andrey_user",
      "action_flag": 1,
      "change_message": "[{\"added\": {}}]"
    }
  },
  {
    "model": "admin.logentry",
    "pk": 5,
    "fields": {
      "action_time": "2022-04-03T16:46:53.891Z",
      "user": 1,
      "content_type": 4,
      "object_id": "3",
      "object_repr": "Dmitry_user",
      "action_flag": 1,
      "change_message": "[{\"added\": {}}]"
    }
  },
  {
    "model": "admin.logentry",
    "pk": 6,
    "fields": {
      "action_time": "2022-04-03T16:47:18.526Z",
      "user": 1,
      "content_type": 4,
      "object_id": "4",
      "object_repr": "Nastya_user",
      "action_flag": 1,
      "change_message": "[{\"added\": {}}]"
    }
  },
  {
    "model": "admin.logentry",
    "pk": 7,
    "fields": {
      "action_time": "2022-04-03T16:47:48.592Z",
      "user": 1,
      "content_type": 4,
      "object_id": "5",
      "object_repr": "bot_1",
      "action_flag": 1,
      "change_message": "[{\"added\": {}}]"
    }
  },
  {
    "model": "admin.logentry",
    "pk": 8,
    "fields": {
      "action_time": "2022-04-03T16:48:09.030Z",
      "user": 1,
      "content_type": 4,
      "object_id": "5",
      "object_repr": "bot_1",
      "action_flag": 2,
      "change_message": "[{\"changed\": {\"fields\": [\"Staff status\", \"Groups\"]}}]"
    }
  },
  {
    "model": "admin.logentry",
    "pk": 9,
    "fields": {
      "action_time": "2022-04-03T16:48:33.453Z",
      "user": 1,
      "content_type": 4,
      "object_id": "6",
      "object_repr": "bot_2",
      "action_flag": 1,
      "change_message": "[{\"added\": {}}]"
    }
  },
  {
    "model": "admin.logentry",
    "pk": 10,
    "fields": {
      "action_time": "2022-04-03T16:48:40.638Z",
      "user": 1,
      "content_type": 4,
      "object_id": "6",
      "object_repr": "bot_2",
      "action_flag": 2,
      "change_message": "[{\"changed\": {\"fields\": [\"Groups\"]}}]"
    }
  },
  {
    "model": "admin.logentry",
    "pk": 11,
    "fields": {
      "action_time": "2022-04-03T16:49:15.286Z",
      "user": 1,
      "content_type": 4,
      "object_id": "7",
      "object_repr": "bot_3",
      "action_flag": 1,
      "change_message": "[{\"added\": {}}]"
    }
  },
  {
    "model": "admin.logentry",
    "pk": 12,
    "fields": {
      "action_time": "2022-04-03T16:49:26.313Z",
      "user": 1,
      "content_type": 4,
      "object_id": "7",
      "object_repr": "bot_3",
      "action_flag": 2,
      "change_message": "[{\"changed\": {\"fields\": [\"Staff status\", \"Groups\"]}}]"
    }
  },
  {
    "model": "admin.logentry",
    "pk": 13,
    "fields": {
      "action_time": "2022-04-03T16:49:47.369Z",
      "user": 1,
      "content_type": 4,
      "object_id": "8",
      "object_repr": "bot_4",
      "action_flag": 1,
      "change_message": "[{\"added\": {}}]"
    }
  },
  {
    "model": "admin.logentry",
    "pk": 14,
    "fields": {
      "action_time": "2022-04-03T16:50:05.739Z",
      "user": 1,
      "content_type": 4,
      "object_id": "9",
      "object_repr": "bot_5",
      "action_flag": 1,
      "change_message": "[{\"added\": {}}]"
    }
  },
  {
    "model": "admin.logentry",
    "pk": 15,
    "fields": {
      "action_time": "2022-04-03T16:50:23.019Z",
      "user": 1,
      "content_type": 4,
      "object_id": "10",
      "object_repr": "bot_6",
      "action_flag": 1,
      "change_message": "[{\"added\": {}}]"
    }
  },
  {
    "model": "admin.logentry",
    "pk": 16,
    "fields": {
      "action_time": "2022-04-03T16:50:31.207Z",
      "user": 1,
      "content_type": 4,
      "object_id": "10",
      "object_repr": "bot_6",
      "action_flag": 2,
      "change_message": "[{\"changed\": {\"fields\": [\"Staff status\", \"Groups\"]}}]"
    }
  },
  {
    "model": "admin.logentry",
    "pk": 17,
    "fields": {
      "action_time": "2022-04-03T16:50:42.942Z",
      "user": 1,
      "content_type": 4,
      "object_id": "9",
      "object_repr": "bot_5",
      "action_flag": 2,
      "change_message": "[{\"changed\": {\"fields\": [\"Staff status\", \"Groups\"]}}]"
    }
  },
  {
    "model": "admin.logentry",
    "pk": 18,
    "fields": {
      "action_time": "2022-04-03T16:50:57.836Z",
      "user": 1,
      "content_type": 4,
      "object_id": "8",
      "object_repr": "bot_4",
      "action_flag": 2,
      "change_message": "[{\"changed\": {\"fields\": [\"Staff status\", \"Groups\"]}}]"
    }
  },
  {
    "model": "admin.logentry",
    "pk": 19,
    "fields": {
      "action_time": "2022-04-03T16:51:06.210Z",
      "user": 1,
      "content_type": 4,
      "object_id": "6",
      "object_repr": "bot_2",
      "action_flag": 2,
      "change_message": "[{\"changed\": {\"fields\": [\"Staff status\"]}}]"
    }
  },
  {
    "model": "admin.logentry",
    "pk": 20,
    "fields": {
      "action_time": "2022-04-03T16:51:31.085Z",
      "user": 1,
      "content_type": 4,
      "object_id": "2",
      "object_repr": "Andrey_user",
      "action_flag": 2,
      "change_message": "[{\"changed\": {\"fields\": [\"First name\", \"Last name\", \"Email address\", \"Staff status\", \"Groups\"]}}]"
    }
  },
  {
    "model": "admin.logentry",
    "pk": 21,
    "fields": {
      "action_time": "2022-04-03T16:51:51.736Z",
      "user": 1,
      "content_type": 4,
      "object_id": "3",
      "object_repr": "Dmitry_user",
      "action_flag": 2,
      "change_message": "[{\"changed\": {\"fields\": [\"First name\", \"Last name\", \"Email address\", \"Groups\"]}}]"
    }
  },
  {
    "model": "admin.logentry",
    "pk": 22,
    "fields": {
      "action_time": "2022-04-03T16:52:01.555Z",
      "user": 1,
      "content_type": 4,
      "object_id": "3",
      "object_repr": "Dmitry_user",
      "action_flag": 2,
      "change_message": "[{\"changed\": {\"fields\": [\"Staff status\"]}}]"
    }
  },
  {
    "model": "admin.logentry",
    "pk": 23,
    "fields": {
      "action_time": "2022-04-03T16:52:22.550Z",
      "user": 1,
      "content_type": 4,
      "object_id": "4",
      "object_repr": "Nastya_user",
      "action_flag": 2,
      "change_message": "[{\"changed\": {\"fields\": [\"First name\", \"Last name\", \"Email address\", \"Staff status\", \"Groups\"]}}]"
    }
  },
  {
    "model": "admin.logentry",
    "pk": 24,
    "fields": {
      "action_time": "2022-04-04T18:06:10.986Z",
      "user": 1,
      "content_type": 4,
      "object_id": "11",
      "object_repr": "Andrey_user",
      "action_flag": 1,
      "change_message": "[{\"added\": {}}]"
    }
  },
  {
    "model": "admin.logentry",
    "pk": 25,
    "fields": {
      "action_time": "2022-04-04T18:06:27.245Z",
      "user": 1,
      "content_type": 4,
      "object_id": "11",
      "object_repr": "Andrey_user",
      "action_flag": 2,
      "change_message": "[{\"changed\": {\"fields\": [\"Staff status\", \"Groups\"]}}]"
    }
  },
  {
    "model": "admin.logentry",
    "pk": 26,
    "fields": {
      "action_time": "2022-04-07T18:50:14.726Z",
      "user": 1,
      "content_type": 4,
      "object_id": "12",
      "object_repr": "bot_test",
      "action_flag": 1,
      "change_message": "[{\"added\": {}}]"
    }
  },
  {
    "model": "admin.logentry",
    "pk": 27,
    "fields": {
      "action_time": "2022-04-07T18:50:27.624Z",
      "user": 1,
      "content_type": 4,
      "object_id": "12",
      "object_repr": "bot_test",
      "action_flag": 2,
      "change_message": "[{\"changed\": {\"fields\": [\"Staff status\", \"Groups\"]}}]"
    }
  },
  {
    "model": "auth.group",
    "pk": 1,
    "fields": {
      "name": "Admins",
      "permissions": [
        1,
        2,
        3,
        4,
        9,
        10,
        11,
        12,
        5,
        6,
        7,
        8,
        13,
        14,
        15,
        16,
        37,
        38,
        39,
        40,
        25,
        26,
        27,
        28,
        33,
        34,
        35,
        36,
        29,
        30,
        31,
        32,
        49,
        50,
        51,
        52,
        53,
        54,
        55,
        56,
        17,
        18,
        19,
        20,
        21,
        22,
        23,
        24,
        41,
        42,
        43,
        44,
        45,
        46,
        47,
        48
      ]
    }
  },
  {
    "model": "auth.group",
    "pk": 2,
    "fields": {
      "name": "Developers",
      "permissions": [
        28,
        44,
        45,
        46,
        47,
        48
      ]
    }
  },
  {
    "model": "auth.group",
    "pk": 3,
    "fields": {
      "name": "ProjectOwners",
      "permissions": [
        28,
        41,
        42,
        43,
        44,
        45,
        46,
        47,
        48
      ]
    }
  },
  {
    "model": "auth.user",
    "pk": 1,
    "fields": {
      "password": "pbkdf2_sha256$320000$zCtfNVIyWqQQqw9ggLpP1V$u6I7lR1tnvjfzjj0d5pC+g3MukvqyvfzeLJg3PgxxU0=",
      "last_login": "2022-04-17T18:00:13.941Z",
      "is_superuser": true,
      "username": "adm",
      "first_name": "",
      "last_name": "",
      "email": "sebkd@mail.ru",
      "is_staff": true,
      "is_active": true,
      "date_joined": "2022-04-03T16:35:22.715Z",
      "groups": [],
      "user_permissions": []
    }
  },
  {
    "model": "auth.user",
    "pk": 3,
    "fields": {
      "password": "pbkdf2_sha256$320000$J1rjPuvpRmidkFgt8LDi45$M4l3C8K8Ee8wEc84GMxsGGsH4js1lV6K/rMDjQC13lI=",
      "last_login": null,
      "is_superuser": false,
      "username": "Dmitry_user",
      "first_name": "Dmitry",
      "last_name": "Grey",
      "email": "brothersds@ngs.ru",
      "is_staff": true,
      "is_active": true,
      "date_joined": "2022-04-03T16:46:53Z",
      "groups": [
        3
      ],
      "user_permissions": []
    }
  },
  {
    "model": "auth.user",
    "pk": 4,
    "fields": {
      "password": "pbkdf2_sha256$320000$etGcvIGZiP3VJKUB5tWiho$Br9jxx3zqvO0KztHT7ywWfC+B+XHgUR1TNUkmV/2Lck=",
      "last_login": null,
      "is_superuser": false,
      "username": "Nastya_user",
      "first_name": "Nastya",
      "last_name": "GreyA",
      "email": "1@1.ru",
      "is_staff": true,
      "is_active": true,
      "date_joined": "2022-04-03T16:47:18Z",
      "groups": [
        3
      ],
      "user_permissions": []
    }
  },
  {
    "model": "auth.user",
    "pk": 5,
    "fields": {
      "password": "pbkdf2_sha256$320000$jb1YrUdrkSwIKF8AVCMnDg$XEmke+b081Uz/l6I9dmUfQHDwlmod5lgqH5puX6jLV0=",
      "last_login": null,
      "is_superuser": false,
      "username": "bot_1",
      "first_name": "",
      "last_name": "",
      "email": "",
      "is_staff": true,
      "is_active": true,
      "date_joined": "2022-04-03T16:47:48Z",
      "groups": [
        2
      ],
      "user_permissions": []
    }
  },
  {
    "model": "auth.user",
    "pk": 6,
    "fields": {
      "password": "pbkdf2_sha256$320000$RVji1ZEvxBrXn84X7EtaWu$FnJAH5fH7wM15uBTuX9qqqcb/6x10F+0XyLzEaPZWYo=",
      "last_login": null,
      "is_superuser": false,
      "username": "bot_2",
      "first_name": "",
      "last_name": "",
      "email": "",
      "is_staff": true,
      "is_active": true,
      "date_joined": "2022-04-03T16:48:33Z",
      "groups": [
        2
      ],
      "user_permissions": []
    }
  },
  {
    "model": "auth.user",
    "pk": 7,
    "fields": {
      "password": "pbkdf2_sha256$320000$Hh7c9Van5OPwxIOKK43s6s$ueJVSD+WDcaEXMjZWByd/uif3iMrdUE87lu+7xo8iRc=",
      "last_login": null,
      "is_superuser": false,
      "username": "bot_3",
      "first_name": "",
      "last_name": "",
      "email": "",
      "is_staff": true,
      "is_active": true,
      "date_joined": "2022-04-03T16:49:15Z",
      "groups": [
        2
      ],
      "user_permissions": []
    }
  },
  {
    "model": "auth.user",
    "pk": 8,
    "fields": {
      "password": "pbkdf2_sha256$320000$sINU5Ru4Oty9fy9t0xcCr2$nO3ne94Nh8NbqIJgb0OK757Rhehdif8cpiGZKHLH+nM=",
      "last_login": null,
      "is_superuser": false,
      "username": "bot_4",
      "first_name": "",
      "last_name": "",
      "email": "",
      "is_staff": true,
      "is_active": true,
      "date_joined": "2022-04-03T16:49:47Z",
      "groups": [
        2
      ],
      "user_permissions": []
    }
  },
  {
    "model": "auth.user",
    "pk": 9,
    "fields": {
      "password": "pbkdf2_sha256$320000$xPst2YWjf6D4E6YnkcIV09$UifMc5LRw5w1UrlGK82eBbYgtWim7a6U0SvyOKb/urI=",
      "last_login": null,
      "is_superuser": false,
      "username": "bot_5",
      "first_name": "",
      "last_name": "",
      "email": "",
      "is_staff": true,
      "is_active": true,
      "date_joined": "2022-04-03T16:50:05Z",
      "groups": [
        2
      ],
      "user_permissions": []
    }
  },
  {
    "model": "auth.user",
    "pk": 10,
    "fields": {
      "password": "pbkdf2_sha256$320000$3TyXfnU3w8adkY9UJMtQTQ$0tlx1cKaSJ7PwyjPrMJ2DQv5QFLiDrnL4K3bHDxnn1I=",
      "last_login": null,
      "is_superuser": false,
      "username": "bot_6",
      "first_name": "",
      "last_name": "",
      "email": "",
      "is_staff": true,
      "is_active": true,
      "date_joined": "2022-04-03T16:50:22Z",
      "groups": [
        2
      ],
      "user_permissions": []
    }
  },
  {
    "model": "auth.user",
    "pk": 11,
    "fields": {
      "password": "pbkdf2_sha256$320000$7UN8RSFIdIaQsVJbDmuOQe$JjeiDKSqJvhRknH7bpqvr4CKRBaZSxYt2YOOKsAd7xg=",
      "last_login": null,
      "is_superuser": false,
      "username": "Andrey_user",
      "first_name": "",
      "last_name": "",
      "email": "",
      "is_staff": true,
      "is_active": true,
      "date_joined": "2022-04-04T18:06:10Z",
      "groups": [
        3
      ],
      "user_permissions": []
    }
  },
  {
    "model": "auth.user",
    "pk": 12,
    "fields": {
      "password": "pbkdf2_sha256$320000$qs4LI9QylDWJfhIEqMPwvZ$VlA0JjPf7rzPJoH4p5mwGaeTHnL288O/Xn5MS5BXlqc=",
      "last_login": null,
      "is_superuser": false,
      "username": "bot_test",
      "first_name": "",
      "last_name": "",
      "email": "",
      "is_staff": true,
      "is_active": true,
      "date_joined": "2022-04-07T18:50:14Z",
      "groups": [
        2
      ],
      "user_permissions": []
    }
  },
  {
    "model": "auth.user",
    "pk": 13,
    "fields": {
      "password": "",
      "last_login": null,
      "is_superuser": false,
      "username": "bot_11",
      "first_name": "",
      "last_name": "",
      "email": "",
      "is_staff": true,
      "is_active": true,
      "date_joined": "2022-04-16T16:12:45.453Z",
      "groups": [],
      "user_permissions": []
    }
  },
  {
    "model": "sessions.session",
    "pk": "tmcu1akqoeqm17nwuzff4e2d9mv79t6b",
    "fields": {
      "session_data": ".eJxVjEEOwiAQRe_C2hAmBQZcuvcMZGBAqgaS0q6Md9cmXej2v_f-SwTa1hq2kZcwszgLEKffLVJ65LYDvlO7dZl6W5c5yl2RBx3y2jk_L4f7d1Bp1G895aIBs7IJC2hUXrPRybHHRNoxkTFoC8SYvIKIRhsProCbHCska8T7A9oIN1Y:1ng9C1:gbKAIN9aNCaKJBel4u9oVzdHsmEbhBu86xPP8Ylpo5o",
      "expire_date": "2022-05-01T18:00:13.947Z"
    }
  },
  {
    "model": "sessions.session",
    "pk": "ytpkqdbbemr1rnrmh6f3b81qjpo0kcff",
    "fields": {
      "session_data": ".eJxVjEEOwiAQRe_C2hAmBQZcuvcMZGBAqgaS0q6Md9cmXej2v_f-SwTa1hq2kZcwszgLEKffLVJ65LYDvlO7dZl6W5c5yl2RBx3y2jk_L4f7d1Bp1G895aIBs7IJC2hUXrPRybHHRNoxkTFoC8SYvIKIRhsProCbHCska8T7A9oIN1Y:1nb3DP:beRW1f7XWUGHjvz_OU1sBoXlQjqkHrClKsFHlzXt-D4",
      "expire_date": "2022-04-17T16:36:35.613Z"
    }
  },
  {
    "model": "authors.author",
    "pk": "135529cf-854c-415d-847f-f3a8c61d1eb6",
    "fields": {
      "username": 11
    }
  },
  {
    "model": "authors.author",
    "pk": "3d7dd0f9-14a1-4377-93d4-d46732957a50",
    "fields": {
      "username": 12
    }
  },
  {
    "model": "authors.author",
    "pk": "4c28bb1b-de84-4509-a009-baa471acf6ea",
    "fields": {
      "username": 3
    }
  },
  {
    "model": "authors.author",
    "pk": "5d332df1-3030-422b-8d7c-69effcf3584c",
    "fields": {
      "username": 4
    }
  },
  {
    "model": "authors.author",
    "pk": "8bbbe242-1ae2-4fa6-ba39-8f7bf495c7b7",
    "fields": {
      "username": 7
    }
  },
  {
    "model": "authors.author",
    "pk": "aa6f7026-679e-4ab6-a39e-59b15583a30d",
    "fields": {
      "username": 10
    }
  },
  {
    "model": "authors.author",
    "pk": "ba0a4504-452f-4847-b316-2840a05a1df0",
    "fields": {
      "username": 1
    }
  },
  {
    "model": "authors.author",
    "pk": "c181ba17-3f09-4e71-b628-24cc6f28c667",
    "fields": {
      "username": 5
    }
  },
  {
    "model": "authors.author",
    "pk": "c18c5f3a-2a61-4116-9d9b-47b494f66012",
    "fields": {
      "username": 6
    }
  },
  {
    "model": "authors.author",
    "pk": "d701f9b0-0a80-4be6-b25d-34b90a519396",
    "fields": {
      "username": 9
    }
  },
  {
    "model": "authors.author",
    "pk": "ea3e955d-0811-4664-bc97-0f62790e23c8",
    "fields": {
      "username": 13
    }
  },
  {
    "model": "authors.author",
    "pk": "ef253aa3-4eb3-4b2e-a13a-9d4aeef9f532",
    "fields": {
      "username": 8
    }
  },
  {
    "model": "authors.book",
    "pk": "04d3eacf-09ce-44e7-b462-a8e1b1ec8d5c",
    "fields": {
      "name": "Western Agony book",
      "authors": [
        "aa6f7026-679e-4ab6-a39e-59b15583a30d",
        "d701f9b0-0a80-4be6-b25d-34b90a519396",
        "ea3e955d-0811-4664-bc97-0f62790e23c8"
      ]
    }
  },
  {
    "model": "authors.book",
    "pk": "171d6e5b-9c25-47d0-8268-9cc133d797d3",
    "fields": {
      "name": "Книга Дмитрий и Андрей",
      "authors": [
        "135529cf-854c-415d-847f-f3a8c61d1eb6",
        "4c28bb1b-de84-4509-a009-baa471acf6ea"
      ]
    }
  },
  {
    "model": "authors.book",
    "pk": "324a774b-b309-428f-9861-ea6a28d27d3f",
    "fields": {
      "name": "Книга Андрей",
      "authors": [
        "135529cf-854c-415d-847f-f3a8c61d1eb6"
      ]
    }
  },
  {
    "model": "authors.book",
    "pk": "47f04cfc-ad6d-4b35-bfb5-97fff8bae246",
    "fields": {
      "name": "Книга Дмитрий",
      "authors": [
        "4c28bb1b-de84-4509-a009-baa471acf6ea"
      ]
    }
  },
  {
    "model": "authors.book",
    "pk": "b13906ba-944a-483c-b570-745eb8cccca3",
    "fields": {
      "name": "Книга Настя",
      "authors": [
        "5d332df1-3030-422b-8d7c-69effcf3584c"
      ]
    }
  },
  {
    "model": "authors.book",
    "pk": "c0ae869b-8f80-4644-bb7c-2fc245bd428d",
    "fields": {
      "name": "Книга Настя и Андрей",
      "authors": [
        "135529cf-854c-415d-847f-f3a8c61d1eb6",
        "5d332df1-3030-422b-8d7c-69effcf3584c"
      ]
    }
  },
  {
    "model": "todoapp.project",
    "pk": "28e09264-e0f9-4202-8884-ff0f1c7f0aeb",
    "fields": {
      "is_active": true,
      "name": "Happiness",
      "link": "http://localhost:3000/3",
      "authors": [
        "8bbbe242-1ae2-4fa6-ba39-8f7bf495c7b7",
        "aa6f7026-679e-4ab6-a39e-59b15583a30d",
        "d701f9b0-0a80-4be6-b25d-34b90a519396",
        "ef253aa3-4eb3-4b2e-a13a-9d4aeef9f532"
      ]
    }
  },
  {
    "model": "todoapp.project",
    "pk": "558c00ee-6212-4bb7-a772-dc2bc3c56aa1",
    "fields": {
      "is_active": true,
      "name": "Western Agony",
      "link": "http://localhost:3000/1",
      "authors": [
        "135529cf-854c-415d-847f-f3a8c61d1eb6",
        "4c28bb1b-de84-4509-a009-baa471acf6ea",
        "5d332df1-3030-422b-8d7c-69effcf3584c"
      ]
    }
  },
  {
    "model": "todoapp.project",
    "pk": "7b98658e-33df-405a-97ee-38253941221a",
    "fields": {
      "is_active": true,
      "name": "Russian Force",
      "link": "http://localhost:3000/2",
      "authors": [
        "5d332df1-3030-422b-8d7c-69effcf3584c"
      ]
    }
  },
  {
    "model": "todoapp.project",
    "pk": "7c0c65ef-68cd-4e69-9281-5ca4c81f4d25",
    "fields": {
      "is_active": true,
      "name": "Silence of ducklings",
      "link": "http://localhost:3000/4",
      "authors": [
        "8bbbe242-1ae2-4fa6-ba39-8f7bf495c7b7",
        "c18c5f3a-2a61-4116-9d9b-47b494f66012",
        "ef253aa3-4eb3-4b2e-a13a-9d4aeef9f532"
      ]
    }
  },
  {
    "model": "todoapp.project",
    "pk": "a6ecd270-3437-45c0-bf06-0f73857c74c2",
    "fields": {
      "is_active": true,
      "name": "Justucy part2",
      "link": "http://localhost:3000/113",
      "authors": [
        "c181ba17-3f09-4e71-b628-24cc6f28c667"
      ]
    }
  },
  {
    "model": "todoapp.project",
    "pk": "ae871152-a6cc-41a9-98d5-65031d17a126",
    "fields": {
      "is_active": true,
      "name": "Eastern answer",
      "link": "http://localhost:3000/111",
      "authors": [
        "3d7dd0f9-14a1-4377-93d4-d46732957a50",
        "c18c5f3a-2a61-4116-9d9b-47b494f66012",
        "d701f9b0-0a80-4be6-b25d-34b90a519396",
        "ea3e955d-0811-4664-bc97-0f62790e23c8"
      ]
    }
  },
  {
    "model": "todoapp.project",
    "pk": "e7341810-8e94-4091-a11e-8da5d35ac91f",
    "fields": {
      "is_active": true,
      "name": "Justucy",
      "link": "http://localhost:3000/112",
      "authors": [
        "4c28bb1b-de84-4509-a009-baa471acf6ea"
      ]
    }
  },
  {
    "model": "todoapp.project",
    "pk": "fa7d33da-a2e8-4bdd-9171-416f95e038d0",
    "fields": {
      "is_active": true,
      "name": "Western Agony part2",
      "link": "http://localhost:3000/1123",
      "authors": [
        "135529cf-854c-415d-847f-f3a8c61d1eb6"
      ]
    }
  },
  {
    "model": "todoapp.project",
    "pk": "fd066813-cd93-4cbf-9aac-208da2bf9123",
    "fields": {
      "is_active": true,
      "name": "Книга Настя и Андрей",
      "link": "http://localhost:3000/1111",
      "authors": [
        "4c28bb1b-de84-4509-a009-baa471acf6ea"
      ]
    }
  },
  {
    "model": "todoapp.todo",
    "pk": "2ff1eae7-c5b8-4796-a661-4b605c7d8b3a",
    "fields": {
      "is_active": true,
      "project": "7b98658e-33df-405a-97ee-38253941221a",
      "content": "что-то новое",
      "is_created": "2022-04-04",
      "is_change": "2022-04-04T20:27:58.277Z",
      "author": "135529cf-854c-415d-847f-f3a8c61d1eb6"
    }
  },
  {
    "model": "todoapp.todo",
    "pk": "781d4c57-8fa4-4499-ac45-a1f49a4a9aad",
    "fields": {
      "is_active": true,
      "project": "7c0c65ef-68cd-4e69-9281-5ca4c81f4d25",
      "content": "вот это просто супер",
      "is_created": "2022-04-04",
      "is_change": "2022-04-17T20:15:16.540Z",
      "author": "aa6f7026-679e-4ab6-a39e-59b15583a30d"
    }
  },
  {
    "model": "todoapp.todo",
    "pk": "89de08e9-b52a-4385-ad06-dd74f18fc39a",
    "fields": {
      "is_active": true,
      "project": "e7341810-8e94-4091-a11e-8da5d35ac91f",
      "content": "отличное изложение",
      "is_created": "2022-04-19",
      "is_change": "2022-04-19T13:43:51.379Z",
      "author": "c181ba17-3f09-4e71-b628-24cc6f28c667"
    }
  },
  {
    "model": "todoapp.todo",
    "pk": "aa731af0-cda8-4116-87c5-3daac60ff706",
    "fields": {
      "is_active": true,
      "project": "e7341810-8e94-4091-a11e-8da5d35ac91f",
      "content": "невозможно",
      "is_created": "2022-04-19",
      "is_change": "2022-04-19T13:44:51.495Z",
      "author": "3d7dd0f9-14a1-4377-93d4-d46732957a50"
    }
  },
  {
    "model": "todoapp.todo",
    "pk": "aa74ac6e-311e-4b9f-a6c4-8f415a24a071",
    "fields": {
      "is_active": true,
      "project": "a6ecd270-3437-45c0-bf06-0f73857c74c2",
      "content": "отличное изложение??? не думаю",
      "is_created": "2022-04-19",
      "is_change": "2022-04-19T18:12:28.015Z",
      "author": "4c28bb1b-de84-4509-a009-baa471acf6ea"
    }
  },
  {
    "model": "todoapp.todo",
    "pk": "b8d1d473-29b6-4b00-8f49-8d29c2a0592b",
    "fields": {
      "is_active": true,
      "project": "7c0c65ef-68cd-4e69-9281-5ca4c81f4d25",
      "content": "невозможно думать",
      "is_created": "2022-04-19",
      "is_change": "2022-04-19T18:14:56.538Z",
      "author": "4c28bb1b-de84-4509-a009-baa471acf6ea"
    }
  },
  {
    "model": "todoapp.todo",
    "pk": "cefd2a23-1efc-4319-8916-630653fb95b1",
    "fields": {
      "is_active": true,
      "project": "558c00ee-6212-4bb7-a772-dc2bc3c56aa1",
      "content": "no great... no great....",
      "is_created": "2022-04-04",
      "is_change": "2022-04-07T20:25:36.992Z",
      "author": "c181ba17-3f09-4e71-b628-24cc6f28c667"
    }
  },
  {
    "model": "todoapp.todo",
    "pk": "d5780c5e-eec9-4e8f-813f-90ac5abd0334",
    "fields": {
      "is_active": true,
      "project": "558c00ee-6212-4bb7-a772-dc2bc3c56aa1",
      "content": "великолепно",
      "is_created": "2022-04-04",
      "is_change": "2022-04-04T20:27:30.508Z",
      "author": "c18c5f3a-2a61-4116-9d9b-47b494f66012"
    }
  },
  {
    "model": "todoapp.todo",
    "pk": "d8f602f2-d4c5-401c-8979-164d511b6448",
    "fields": {
      "is_active": true,
      "project": "7b98658e-33df-405a-97ee-38253941221a",
      "content": "перелом",
      "is_created": "2022-04-04",
      "is_change": "2022-04-04T20:27:51.034Z",
      "author": "ef253aa3-4eb3-4b2e-a13a-9d4aeef9f532"
    }
  },
  {
    "model": "todoapp.todo",
    "pk": "e3496706-5f1e-44c6-851f-89c1391e9c96",
    "fields": {
      "is_active": true,
      "project": "7c0c65ef-68cd-4e69-9281-5ca4c81f4d25",
      "content": "ахахаха",
      "is_created": "2022-04-04",
      "is_change": "2022-04-04T20:28:08.797Z",
      "author": "aa6f7026-679e-4ab6-a39e-59b15583a30d"
    }
  },
  {
    "model": "todoapp.todo",
    "pk": "efda132d-4649-44a3-95c0-0816ac9a09c8",
    "fields": {
      "is_active": true,
      "project": "558c00ee-6212-4bb7-a772-dc2bc3c56aa1",
      "content": "я в восторге! это чудесно",
      "is_created": "2022-04-04",
      "is_change": "2022-04-04T20:33:37.064Z",
      "author": "8bbbe242-1ae2-4fa6-ba39-8f7bf495c7b7"
    }
  },
  {
    "model": "authtoken.token",
    "pk": "5c083ddc28c25c7ab59d15efcbf43d67456e93cf",
    "fields": {
      "user": 1,
      "created": "2022-04-17T18:00:46.464Z"
    }
  }
]